{
  "project_info": {
    "project_number": "415764513949",
    "firebase_url": "https://myfinalproject-489c2.firebaseio.com",
    "project_id": "myfinalproject-489c2",
    "storage_bucket": "myfinalproject-489c2.appspot.com"
  },
  "client": [
    {
      "client_info": {
        "mobilesdk_app_id": "1:415764513949:android:f240ba5aacff9e16774074",
        "android_client_info": {
          "package_name": "com.example.myfinalproject"
        }
      },
      "oauth_client": [
        {
          "client_id": "415764513949-m6srnhvtfvg43ju0th3ub6iv6uhn7g9h.apps.googleusercontent.com",
          "client_type": 1,
          "android_info": {
            "package_name": "com.example.myfinalproject",
            "certificate_hash": "bce890648ed914f8855d8167ee94fccf28036bd7"
          }
        },
        {
          "client_id": "415764513949-mba2que5f3da6fu9ion4hhipv925e88l.apps.googleusercontent.com",
          "client_type": 3
        }
      ],
      "api_key": [
        {
          "current_key": "AIzaSyDgfdFmp55zr7ZGuyU4L0fAO2t8L9YqFFI"
        }
      ],
      "services": {
        "appinvite_service": {
          "other_platform_oauth_client": [
            {
              "client_id": "415764513949-mba2que5f3da6fu9ion4hhipv925e88l.apps.googleusercontent.com",
              "client_type": 3
            }
          ]
        }
      }
    }
  ],
  "configuration_version": "1"
}